City_ID,City,Country,Date,Lat,Lng,Max Temp,Humidity,Cloudiness,Wind Speed,Current Description
0,Jamestown,US,2020-10-24 17:17:08,42.1,-79.24,44.01,70,90,3.36,overcast clouds
1,Bredasdorp,ZA,2020-10-24 17:17:08,-34.53,20.04,66.2,72,39,9.17,scattered clouds
2,Rosetta,EG,2020-10-24 17:17:08,31.4,30.42,73.4,60,20,4.7,few clouds
3,North Bend,US,2020-10-24 17:17:08,43.41,-124.22,54.0,100,90,3.36,overcast clouds
4,Busselton,AU,2020-10-24 17:17:08,-33.65,115.33,59.0,49,69,12.12,broken clouds
5,Saskylakh,RU,2020-10-24 17:17:08,71.92,114.08,16.79,95,100,23.71,light snow
6,Bhag,PK,2020-10-24 17:17:09,29.04,67.82,74.46,17,0,3.29,clear sky
7,Yellowknife,CA,2020-10-24 17:15:03,62.46,-114.35,24.8,73,40,9.17,scattered clouds
8,Changji,CN,2020-10-24 17:17:09,44.02,87.32,44.6,75,0,2.24,clear sky
9,Oussouye,SN,2020-10-24 17:17:09,12.48,-16.55,95.0,70,20,4.7,few clouds
10,Camopi,GF,2020-10-24 17:13:36,3.17,-52.32,94.6,39,31,7.02,scattered clouds
11,Mataura,NZ,2020-10-24 17:17:09,-46.19,168.86,63.0,60,100,8.01,overcast clouds
12,Svetlogorsk,BY,2020-10-24 17:17:09,52.63,29.73,52.14,92,100,10.47,light rain
13,Hobart,AU,2020-10-24 17:16:52,-42.88,147.33,42.8,60,3,14.99,clear sky
14,Bogovina,RS,2020-10-24 17:17:10,43.9,21.94,60.01,73,100,1.01,overcast clouds
15,Rochegda,RU,2020-10-24 17:17:10,62.8,43.25,31.12,97,95,5.75,overcast clouds
16,Hami,CN,2020-10-24 17:17:10,42.8,93.45,49.3,47,91,12.86,overcast clouds
17,Karasjok,NO,2020-10-24 17:17:10,69.47,25.51,37.4,86,75,31.09,broken clouds
18,Cherskiy,RU,2020-10-24 17:17:10,68.75,161.3,19.13,91,0,7.74,clear sky
19,Airai,TL,2020-10-24 17:17:10,-8.93,125.41,62.17,100,48,0.49,scattered clouds
20,Pangnirtung,CA,2020-10-24 17:17:11,66.15,-65.71,26.6,86,90,4.7,light snow
21,Conceicao Do Araguaia,BR,2020-10-24 17:17:11,-8.26,-49.26,92.71,45,95,5.21,light rain
22,Broome,US,2020-10-24 17:17:11,42.25,-75.83,48.99,81,90,10.29,overcast clouds
23,Etchoropo,MX,2020-10-24 17:17:11,26.77,-109.67,88.0,47,1,1.99,clear sky
24,Riyadh,SA,2020-10-24 17:12:13,24.69,46.72,73.4,28,0,9.1,clear sky
25,Teya,RU,2020-10-24 17:17:11,60.38,92.63,26.8,96,100,7.23,overcast clouds
26,Awjilah,LY,2020-10-24 17:17:11,29.11,21.29,69.58,45,0,5.06,clear sky
27,Komsomolskiy,UZ,2020-10-24 17:17:12,40.43,71.72,51.8,50,100,9.17,overcast clouds
28,Hamilton,US,2020-10-24 17:15:26,39.18,-84.53,48.99,66,90,11.41,overcast clouds
29,Aswan,EG,2020-10-24 17:13:24,24.09,32.91,83.98,28,0,18.05,clear sky
30,New Norfolk,AU,2020-10-24 17:17:12,-42.78,147.06,42.8,60,1,14.99,clear sky
31,Vaini,TO,2020-10-24 17:12:35,-21.2,-175.2,73.4,83,90,8.05,overcast clouds
32,Hasaki,JP,2020-10-24 17:17:13,35.73,140.83,51.8,100,0,5.82,clear sky
33,Rikitea,PF,2020-10-24 17:17:13,-23.12,-134.97,74.73,83,94,21.52,moderate rain
34,Ponta Do Sol,PT,2020-10-24 17:17:13,32.67,-17.1,70.0,60,40,10.29,scattered clouds
35,Ushuaia,AR,2020-10-24 17:15:12,-54.8,-68.3,50.0,53,40,12.75,scattered clouds
36,Hilo,US,2020-10-24 17:17:13,19.73,-155.09,73.4,69,75,5.82,broken clouds
37,Punta Arenas,CL,2020-10-24 17:17:13,-53.15,-70.92,42.8,87,90,12.75,light rain
38,Qaanaaq,GL,2020-10-24 17:17:13,77.48,-69.36,16.75,93,95,11.27,overcast clouds
39,Santiago,CL,2020-10-24 17:14:28,-33.46,-70.65,78.01,40,0,5.82,clear sky
40,Viedma,AR,2020-10-24 17:17:13,-40.81,-63.0,84.0,45,74,7.0,broken clouds
41,Hobyo,SO,2020-10-24 17:17:14,5.35,48.53,81.45,76,37,18.81,light rain
42,Vardo,NO,2020-10-24 17:17:14,70.37,31.11,38.05,92,100,24.79,light rain
43,Albany,US,2020-10-24 17:15:05,42.6,-73.97,57.0,70,95,1.99,overcast clouds
44,Cidreira,BR,2020-10-24 17:17:14,-30.18,-50.21,73.33,74,88,10.38,overcast clouds
45,Shingu,JP,2020-10-24 17:17:14,33.73,135.98,50.25,76,0,7.45,clear sky
46,Chase,CA,2020-10-24 17:17:14,50.82,-119.69,30.99,70,89,4.16,overcast clouds
47,Guerrero Negro,MX,2020-10-24 17:17:14,27.98,-114.06,72.1,64,34,13.11,scattered clouds
48,Taldan,RU,2020-10-24 17:17:14,53.67,124.8,28.02,94,0,5.99,clear sky
49,Chimbote,PE,2020-10-24 17:17:15,-9.09,-78.58,67.6,71,14,11.32,few clouds
50,Kapaa,US,2020-10-24 17:17:15,22.08,-159.32,73.4,83,40,3.36,scattered clouds
51,Pisco,PE,2020-10-24 17:17:15,-13.7,-76.22,64.99,82,90,8.05,overcast clouds
52,Dikson,RU,2020-10-24 17:14:55,73.51,80.55,27.07,92,82,5.73,light snow
53,Along,IN,2020-10-24 17:17:15,28.17,94.77,67.53,90,100,0.92,light rain
54,Cape Town,ZA,2020-10-24 17:16:05,-33.93,18.42,66.99,82,0,11.41,clear sky
55,Alyangula,AU,2020-10-24 17:17:15,-13.85,136.42,82.4,78,85,8.05,overcast clouds
56,Petropavlovsk-Kamchatskiy,RU,2020-10-24 17:17:15,53.05,158.65,39.2,93,90,13.42,light intensity shower rain
57,Lagoa,PT,2020-10-24 17:17:15,39.05,-27.98,66.87,87,62,24.7,light rain
58,Longyearbyen,SJ,2020-10-24 17:17:16,78.22,15.64,19.4,79,75,2.24,broken clouds
59,Bluff,NZ,2020-10-24 17:17:16,-46.6,168.33,63.0,60,100,8.01,overcast clouds
60,Arlit,NE,2020-10-24 17:17:16,18.74,7.39,89.65,11,0,16.64,clear sky
61,Hithadhoo,MV,2020-10-24 17:14:55,-0.6,73.08,83.53,75,26,10.54,scattered clouds
62,Kryry,CZ,2020-10-24 17:17:16,50.17,13.43,54.0,87,0,2.24,clear sky
63,Thompson,CA,2020-10-24 17:17:16,55.74,-97.86,23.0,67,90,8.05,light snow
64,Tommot,RU,2020-10-24 17:17:16,58.96,126.29,27.66,97,100,0.43,overcast clouds
65,Port Elizabeth,ZA,2020-10-24 17:17:17,-33.92,25.57,66.2,93,0,4.7,clear sky
66,Port Alfred,ZA,2020-10-24 17:17:17,-33.59,26.89,67.41,89,2,1.05,clear sky
67,Piranhas,BR,2020-10-24 17:17:17,-16.43,-51.82,86.68,57,99,11.59,light rain
68,Abrau-Dyurso,RU,2020-10-24 17:17:17,44.69,37.59,60.8,82,75,8.95,broken clouds
69,Zyryanka,RU,2020-10-24 17:17:17,65.75,150.85,15.19,94,0,7.43,clear sky
70,Grand-Santi,GF,2020-10-24 17:17:17,4.25,-54.38,100.27,29,12,3.58,few clouds
71,Hermanus,ZA,2020-10-24 17:17:17,-34.42,19.23,63.0,88,78,4.18,broken clouds
72,Kruisfontein,ZA,2020-10-24 17:17:17,-34.0,24.73,70.0,73,15,1.01,few clouds
73,Bethel,US,2020-10-24 17:14:16,41.37,-73.41,63.0,93,90,5.82,overcast clouds
74,Aripuana,BR,2020-10-24 17:17:18,-9.17,-60.63,87.13,60,75,7.31,light rain
75,Champerico,GT,2020-10-24 17:17:18,14.3,-91.92,82.4,83,40,6.93,scattered clouds
76,Massaguet,TD,2020-10-24 17:17:18,12.48,15.44,87.8,25,1,4.7,dust
77,Bengkulu,ID,2020-10-24 17:17:19,-3.8,102.27,76.24,87,100,4.52,moderate rain
78,Upernavik,GL,2020-10-24 17:16:09,72.79,-56.15,23.16,95,100,8.9,overcast clouds
79,Pevek,RU,2020-10-24 17:17:19,69.7,170.31,25.3,92,0,10.8,clear sky
80,Boa Vista,BR,2020-10-24 17:17:17,2.82,-60.67,95.0,39,40,12.75,scattered clouds
81,Richards Bay,ZA,2020-10-24 17:17:20,-28.78,32.04,72.12,79,53,11.95,broken clouds
82,Dunedin,NZ,2020-10-24 17:17:20,-45.87,170.5,59.04,59,92,9.95,overcast clouds
83,Wilmington,US,2020-10-24 17:15:00,34.23,-77.94,84.0,54,1,1.54,clear sky
84,Puerto Ayora,EC,2020-10-24 17:16:08,-0.74,-90.35,77.0,73,75,13.87,broken clouds
85,Mihailesti,RO,2020-10-24 17:17:20,44.33,25.91,61.0,87,0,1.12,clear sky
86,Minna,NG,2020-10-24 17:17:21,9.61,6.56,86.0,70,0,3.36,clear sky
87,San Isidro,PE,2020-10-24 17:17:21,-12.12,-77.05,68.0,68,75,8.05,broken clouds
88,Ende,ID,2020-10-24 17:17:21,-8.84,121.66,78.84,80,32,1.59,scattered clouds
89,Kaeo,NZ,2020-10-24 17:17:22,-35.1,173.78,57.99,95,28,3.67,scattered clouds
90,Kavaratti,IN,2020-10-24 17:17:22,10.57,72.64,81.55,75,100,7.85,overcast clouds
91,Axim,GH,2020-10-24 17:17:22,4.87,-2.24,80.17,80,80,8.72,broken clouds
92,Kondinskoye,RU,2020-10-24 17:17:22,59.65,67.41,25.32,91,100,12.01,overcast clouds
93,Chuy,UY,2020-10-24 17:17:22,-33.7,-53.46,72.21,77,69,9.51,broken clouds
94,Lavrentiya,RU,2020-10-24 17:17:22,65.58,-171.0,32.31,93,93,4.88,overcast clouds
95,San Patricio,US,2020-10-24 17:17:22,28.02,-97.52,66.99,52,75,8.05,broken clouds
96,Tromso,NO,2020-10-24 17:13:30,69.65,18.96,37.4,86,75,6.93,broken clouds
97,Alushta,UA,2020-10-24 17:17:22,44.67,34.42,66.56,60,6,3.31,clear sky
98,Barrow,US,2020-10-24 17:17:23,71.29,-156.79,28.4,86,90,10.29,light snow
99,Half Moon Bay,US,2020-10-24 17:12:46,37.46,-122.43,61.0,87,90,4.7,mist
100,Mahebourg,MU,2020-10-24 17:17:23,-20.41,57.7,73.4,73,75,11.41,broken clouds
101,Nikolskoye,RU,2020-10-24 17:12:35,59.7,30.79,39.99,85,40,4.47,scattered clouds
102,Victoria,HK,2020-10-24 17:14:15,22.29,114.16,75.0,69,100,3.0,overcast clouds
103,Clermont,FR,2020-10-24 17:17:23,49.5,2.42,60.8,82,90,19.46,overcast clouds
104,Noumea,NC,2020-10-24 17:16:58,-22.28,166.46,71.6,78,40,2.24,scattered clouds
105,Margate,GB,2020-10-24 17:17:23,51.38,1.39,61.0,88,100,8.99,light rain
106,Lompoc,US,2020-10-24 17:17:23,34.64,-120.46,64.4,72,90,1.97,overcast clouds
107,Juxtlahuaca,MX,2020-10-24 17:17:24,17.43,-99.15,82.51,36,13,4.45,few clouds
108,Sitka,US,2020-10-24 17:17:24,57.05,-135.33,28.4,68,40,2.98,scattered clouds
109,Castro,BR,2020-10-24 17:17:24,-24.79,-50.01,72.82,74,88,3.58,moderate rain
110,Verkhoyansk,RU,2020-10-24 17:17:24,67.54,133.38,12.79,87,0,11.48,clear sky
111,Muli,MV,2020-10-24 17:17:24,2.92,73.57,82.62,80,53,7.85,broken clouds
112,Georgetown,MY,2020-10-24 17:17:24,5.41,100.34,80.6,83,20,3.36,moderate rain
113,Grajewo,PL,2020-10-24 17:17:24,53.65,22.46,51.71,88,71,8.25,broken clouds
114,Pandamatenga,BW,2020-10-24 17:17:24,-18.53,25.63,83.97,21,47,5.66,scattered clouds
115,Dergachi,RU,2020-10-24 17:17:24,51.23,48.77,52.5,81,95,6.67,overcast clouds
116,Quatre Cocos,MU,2020-10-24 17:17:24,-20.21,57.76,73.4,73,75,11.41,broken clouds
117,Tasiilaq,GL,2020-10-24 17:17:25,65.61,-37.64,33.8,80,75,3.51,broken clouds
118,Bulgan,MN,2020-10-24 17:17:25,48.81,103.53,32.47,91,92,2.17,overcast clouds
119,Poum,NC,2020-10-24 17:17:25,-20.23,164.02,76.15,80,68,16.44,broken clouds
120,Naryan-Mar,RU,2020-10-24 17:17:25,67.67,53.09,20.97,89,99,13.62,overcast clouds
121,Santa Lucia,ES,2020-10-24 17:17:25,27.91,-15.54,75.0,56,20,18.34,few clouds
122,El Paujil,CO,2020-10-24 17:17:25,1.57,-75.33,88.5,58,42,2.08,scattered clouds
123,Marystown,CA,2020-10-24 17:17:25,47.17,-55.15,54.0,100,100,7.0,overcast clouds
124,Norman Wells,CA,2020-10-24 17:17:26,65.28,-126.83,12.2,92,20,4.7,few clouds
125,Oneonta,US,2020-10-24 17:13:59,42.45,-75.06,50.0,80,100,1.99,overcast clouds
126,La Ronge,CA,2020-10-24 17:17:26,55.1,-105.28,23.0,67,90,13.87,light snow
127,Sao Gabriel Da Cachoeira,BR,2020-10-24 17:17:26,-0.13,-67.09,94.28,45,19,3.8,few clouds
128,Sakakah,SA,2020-10-24 17:17:26,29.97,40.21,80.6,11,0,5.82,clear sky
129,Khasan,RU,2020-10-24 17:17:26,42.43,130.64,47.1,52,0,22.3,clear sky
130,Arraial Do Cabo,BR,2020-10-24 17:17:26,-22.97,-42.03,75.2,78,75,19.46,broken clouds
131,Nadym,RU,2020-10-24 17:17:26,65.53,72.52,15.76,95,89,8.21,overcast clouds
132,Saint George,US,2020-10-24 17:17:26,37.1,-113.58,64.0,41,1,0.83,clear sky
133,Avera,US,2020-10-24 17:17:27,33.19,-82.53,81.0,61,1,3.36,clear sky
134,Souillac,MU,2020-10-24 17:17:27,-20.52,57.52,73.4,73,75,11.41,broken clouds
135,Nabire,ID,2020-10-24 17:17:27,-3.37,135.48,75.88,85,100,3.91,light rain
136,Naze,JP,2020-10-24 17:17:27,28.37,129.48,69.8,64,75,11.41,broken clouds
137,Muisne,EC,2020-10-24 17:17:27,0.6,-80.03,80.6,78,90,4.7,overcast clouds
138,Grand Gaube,MU,2020-10-24 17:17:27,-20.01,57.66,71.01,80,27,5.99,light rain
139,Paracuru,BR,2020-10-24 17:17:27,-3.41,-39.03,82.0,74,22,23.0,few clouds
140,Henties Bay,NA,2020-10-24 17:17:27,-22.12,14.28,59.0,89,59,1.01,broken clouds
141,Khatanga,RU,2020-10-24 17:17:27,71.97,102.5,8.55,95,100,16.08,light snow
142,Moyale,KE,2020-10-24 17:17:27,3.52,39.06,72.93,68,78,7.18,light rain
143,Cockburn Town,TC,2020-10-24 17:13:04,21.46,-71.14,86.0,74,75,14.99,broken clouds
144,Shenjiamen,CN,2020-10-24 17:17:28,29.96,122.3,60.51,63,4,6.22,clear sky
145,Fort Oglethorpe,US,2020-10-24 17:17:28,34.95,-85.26,71.6,78,90,6.93,overcast clouds
146,Ketchikan,US,2020-10-24 17:17:28,55.34,-131.65,39.2,50,1,4.7,clear sky
147,Talnakh,RU,2020-10-24 17:12:37,69.49,88.4,12.2,92,75,15.66,light shower snow
148,Nalut,LY,2020-10-24 17:17:28,30.33,10.85,78.01,23,0,5.3,clear sky
149,Cayenne,GF,2020-10-24 17:17:28,4.93,-52.33,89.6,59,75,16.11,broken clouds
150,Katsuura,JP,2020-10-24 17:17:28,35.13,140.3,59.0,54,0,16.11,clear sky
151,Oak Ridge,US,2020-10-24 17:17:28,36.01,-84.27,70.0,88,90,3.36,overcast clouds
152,Shelburne,CA,2020-10-24 17:15:02,44.08,-80.2,45.0,71,40,6.93,scattered clouds
153,Avarua,CK,2020-10-24 17:17:29,-21.21,-159.78,71.6,83,55,6.93,broken clouds
154,Nouakchott,MR,2020-10-24 17:17:29,18.09,-15.98,93.2,38,84,10.29,broken clouds
155,Kotovo,RU,2020-10-24 17:17:29,50.32,44.8,57.18,72,99,4.12,overcast clouds
156,Namibe,AO,2020-10-24 17:17:29,-15.2,12.15,69.71,80,46,8.61,scattered clouds
157,Caruray,PH,2020-10-24 17:17:29,10.31,119.01,78.64,79,100,6.51,moderate rain
158,Aras,ES,2020-10-24 17:17:29,42.56,-2.36,60.8,59,0,3.36,clear sky
159,Maniitsoq,GL,2020-10-24 17:17:29,65.42,-52.9,25.18,87,0,9.08,clear sky
160,Makakilo City,US,2020-10-24 17:17:29,21.35,-158.09,77.0,94,75,3.36,broken clouds
161,Tilichiki,RU,2020-10-24 17:17:29,60.47,166.1,28.53,97,0,4.45,clear sky
162,Camacha,PT,2020-10-24 17:17:29,33.08,-16.33,69.8,60,40,13.87,scattered clouds
163,Mingguang,CN,2020-10-24 17:17:30,32.78,117.96,53.47,57,11,4.76,light rain
164,Torbat-E Jam,IR,2020-10-24 17:17:30,35.24,60.62,46.0,55,0,6.15,clear sky
165,Westport,US,2020-10-24 17:17:30,41.14,-73.36,64.99,88,90,12.75,overcast clouds
166,Morlaix,FR,2020-10-24 17:17:30,48.58,-4.0,55.4,93,75,20.8,moderate rain
167,Klaksvik,FO,2020-10-24 17:17:30,62.23,-6.59,48.2,76,59,17.22,light rain
168,Safaga,EG,2020-10-24 17:17:30,26.73,33.94,82.4,45,0,9.17,clear sky
169,Pemberton,CA,2020-10-24 17:17:30,50.32,-122.8,26.6,49,5,2.24,clear sky
170,Koumac,NC,2020-10-24 17:17:30,-20.57,164.28,74.25,80,60,4.18,broken clouds
171,Vero Beach,US,2020-10-24 17:16:56,27.64,-80.4,82.99,74,75,13.87,broken clouds
172,Torbay,CA,2020-10-24 17:17:30,47.67,-52.73,48.99,76,75,24.16,broken clouds
173,Porto Walter,BR,2020-10-24 17:16:47,-8.27,-72.74,97.99,34,20,4.54,few clouds
174,Xinzhou,CN,2020-10-24 17:17:31,38.41,112.73,52.7,41,98,0.43,overcast clouds
175,Egvekinot,RU,2020-10-24 17:17:31,66.32,-179.17,22.14,96,60,6.89,broken clouds
176,Mitchell,US,2020-10-24 17:17:31,43.71,-98.03,24.8,73,90,5.82,overcast clouds
177,Saint-Philippe,RE,2020-10-24 17:16:06,-21.36,55.77,73.4,68,0,11.41,clear sky
178,Husavik,IS,2020-10-24 17:17:31,66.04,-17.34,41.0,75,75,24.16,broken clouds
179,Yanaul,RU,2020-10-24 17:17:31,56.27,54.93,43.57,94,100,8.63,overcast clouds
180,Bayji,IQ,2020-10-24 17:17:31,34.93,43.49,74.1,19,0,5.61,clear sky
181,Haines Junction,CA,2020-10-24 17:17:31,60.75,-137.51,18.55,82,30,0.58,scattered clouds
182,Narsaq,GL,2020-10-24 17:17:32,60.92,-46.05,33.8,64,20,2.24,few clouds
183,Saint Anthony,US,2020-10-24 17:12:46,45.02,-93.22,30.0,68,90,5.82,overcast clouds
184,Surt,LY,2020-10-24 17:17:32,31.21,16.59,70.68,68,0,7.7,clear sky
185,Chokurdakh,RU,2020-10-24 17:17:32,70.63,147.92,11.86,97,89,7.83,overcast clouds
186,Namatanai,PG,2020-10-24 17:17:32,-3.67,152.43,79.36,77,2,1.52,clear sky
187,Uberaba,BR,2020-10-24 17:17:32,-19.75,-47.93,75.31,76,87,13.22,moderate rain
188,Saldanha,ZA,2020-10-24 17:17:32,-33.01,17.94,64.4,72,2,6.93,clear sky
189,Saint-Augustin,CA,2020-10-24 17:17:32,51.23,-58.65,43.9,79,100,16.15,overcast clouds
190,Hauterive,FR,2020-10-24 17:17:32,46.09,3.45,57.2,62,0,3.36,clear sky
191,Katangli,RU,2020-10-24 17:17:32,51.71,143.23,41.58,85,50,11.01,scattered clouds
192,Christchurch,NZ,2020-10-24 17:17:13,-43.53,172.63,57.0,93,26,10.76,scattered clouds
193,Velikiy Ustyug,RU,2020-10-24 17:17:33,60.76,46.31,31.71,96,84,8.97,snow
194,Cap Malheureux,MU,2020-10-24 17:17:33,-19.98,57.61,71.01,80,18,5.99,light rain
195,Halifax,CA,2020-10-24 17:16:57,44.65,-63.57,55.0,97,100,1.99,overcast clouds
196,Honiara,SB,2020-10-24 17:17:33,-9.43,159.95,71.6,100,20,4.7,few clouds
197,Parry Sound,CA,2020-10-24 17:17:33,45.35,-80.03,39.99,72,53,6.44,broken clouds
198,Tateyama,JP,2020-10-24 17:17:33,34.98,139.87,59.0,54,0,16.11,clear sky
199,Itarema,BR,2020-10-24 17:17:33,-2.92,-39.92,87.31,60,57,18.59,broken clouds
200,East London,ZA,2020-10-24 17:17:33,-33.02,27.91,73.4,73,0,5.82,clear sky
201,Kaitangata,NZ,2020-10-24 17:17:33,-46.28,169.85,52.99,74,100,4.7,overcast clouds
202,Itoman,JP,2020-10-24 17:17:33,26.12,127.67,69.8,56,75,3.36,broken clouds
203,Gambela,ET,2020-10-24 17:17:34,8.25,34.58,75.25,88,89,2.98,light rain
204,Lebu,CL,2020-10-24 17:17:34,-37.62,-73.65,52.11,89,100,3.83,overcast clouds
205,Arambagh,IN,2020-10-24 17:17:34,22.88,87.78,75.04,86,25,3.47,scattered clouds
206,Solnechnyy,RU,2020-10-24 17:17:34,50.72,136.63,36.77,92,100,16.11,light rain
207,Waipawa,NZ,2020-10-24 17:17:34,-41.41,175.52,59.0,100,36,20.8,scattered clouds
208,Nelson Bay,AU,2020-10-24 17:17:34,-32.72,152.15,63.0,93,90,14.99,overcast clouds
209,Severo-Kurilsk,RU,2020-10-24 17:17:34,50.68,156.12,46.78,91,100,29.33,heavy intensity rain
210,Tshane,BW,2020-10-24 17:17:34,-24.02,21.87,89.11,15,48,6.42,scattered clouds
211,Ulladulla,AU,2020-10-24 17:13:22,-35.35,150.47,53.6,100,90,8.05,overcast clouds
212,Shamary,RU,2020-10-24 17:17:35,57.34,58.22,34.09,96,100,0.76,overcast clouds
213,Jiuquan,CN,2020-10-24 17:17:35,39.74,98.52,46.4,43,96,7.61,overcast clouds
214,Lydenburg,ZA,2020-10-24 17:17:35,-25.1,30.46,71.01,36,39,3.0,scattered clouds
215,Gat,IL,2020-10-24 17:17:35,31.61,34.76,79.0,78,40,8.05,scattered clouds
216,Auki,SB,2020-10-24 17:17:35,-8.77,160.7,77.83,84,93,2.71,overcast clouds
217,Butaritari,KI,2020-10-24 17:17:35,3.07,172.79,81.88,69,100,6.64,overcast clouds
218,Tighina,MD,2020-10-24 17:17:35,46.83,29.47,59.0,82,0,3.36,light rain
219,Neuquen,AR,2020-10-24 17:17:35,-38.95,-68.06,78.8,29,0,5.82,clear sky
220,Great Falls,US,2020-10-24 17:17:04,47.5,-111.3,14.0,78,90,19.46,light snow
221,Kodiak,US,2020-10-24 17:17:35,57.79,-152.41,42.8,87,20,4.54,few clouds
222,Singapore,SG,2020-10-24 17:12:42,1.29,103.85,82.4,88,75,2.24,broken clouds
223,Baiyin,CN,2020-10-24 17:17:36,36.56,104.21,57.99,36,0,4.47,clear sky
224,Den Helder,NL,2020-10-24 17:17:36,52.96,4.76,59.0,77,90,19.46,overcast clouds
225,Tuktoyaktuk,CA,2020-10-24 17:17:36,69.45,-133.04,12.2,92,40,5.82,scattered clouds
226,Faya,SA,2020-10-24 17:17:36,18.39,42.45,71.6,12,0,5.82,clear sky
227,Awbari,LY,2020-10-24 17:17:36,26.59,12.78,73.78,19,0,8.61,clear sky
228,Faanui,PF,2020-10-24 17:17:36,-16.48,-151.75,78.64,69,42,4.54,scattered clouds
229,Beyneu,KZ,2020-10-24 17:17:36,45.32,55.2,56.55,38,100,11.34,overcast clouds
230,Palmer,US,2020-10-24 17:17:36,42.16,-72.33,66.99,77,90,9.17,overcast clouds
231,Carnarvon,AU,2020-10-24 17:17:36,-24.87,113.63,69.8,94,0,13.87,clear sky
232,Udachnyy,RU,2020-10-24 17:17:37,66.42,112.4,17.6,92,90,4.47,light shower snow
233,Barcelos,PT,2020-10-24 17:16:13,41.54,-8.62,60.8,93,75,23.04,broken clouds
234,Manicore,BR,2020-10-24 17:17:37,-5.81,-61.3,86.68,62,96,5.39,light rain
235,Shenkursk,RU,2020-10-24 17:17:37,62.11,42.9,32.76,94,73,5.61,broken clouds
236,Yerbogachen,RU,2020-10-24 17:17:37,61.28,108.01,25.48,98,97,4.52,overcast clouds
237,Atambua,ID,2020-10-24 17:13:15,-9.11,124.89,76.3,87,47,0.07,scattered clouds
238,Abu Dhabi,AE,2020-10-24 17:17:37,24.47,54.37,84.2,58,0,5.82,clear sky
239,Camana,PE,2020-10-24 17:17:37,-16.62,-72.71,68.95,60,35,8.86,scattered clouds
240,Jieshi,CN,2020-10-24 17:17:37,22.81,115.83,73.99,64,100,23.15,overcast clouds
241,Ixtapa,MX,2020-10-24 17:12:44,20.7,-105.2,88.0,70,5,3.06,clear sky
242,Tiassale,CI,2020-10-24 17:17:38,5.9,-4.83,81.21,86,73,4.09,light rain
243,Bathsheba,BB,2020-10-24 17:17:38,13.22,-59.52,87.8,66,20,24.16,few clouds
244,Iqaluit,CA,2020-10-24 17:17:38,63.75,-68.51,30.2,74,75,5.82,broken clouds
245,Tondon,GN,2020-10-24 17:17:38,10.37,-13.35,90.63,52,1,2.42,clear sky
246,Verkhnyaya Inta,RU,2020-10-24 17:17:39,65.98,60.31,19.02,91,87,16.42,overcast clouds
247,Lata,PT,2020-10-24 17:17:39,40.16,-8.33,63.0,88,99,1.99,overcast clouds
248,Roald,NO,2020-10-24 17:17:39,62.58,6.13,48.2,66,75,11.41,broken clouds
249,Nome,US,2020-10-24 17:17:39,64.5,-165.41,36.0,91,75,11.41,broken clouds
250,Bud,US,2020-10-24 17:17:40,39.45,-86.18,48.99,57,40,10.29,scattered clouds
251,Eureka,US,2020-10-24 17:17:12,40.8,-124.16,53.6,93,90,5.82,overcast clouds
252,Eyl,SO,2020-10-24 17:17:40,7.98,49.82,81.9,70,0,6.82,clear sky
253,Beringovskiy,RU,2020-10-24 17:17:40,63.05,179.32,30.65,95,99,19.13,overcast clouds
254,Provideniya,RU,2020-10-24 17:17:40,64.38,-173.3,32.29,95,61,15.3,broken clouds
255,Sorland,NO,2020-10-24 17:17:41,67.67,12.69,42.98,64,0,15.84,clear sky
256,Khandyga,RU,2020-10-24 17:17:41,62.67,135.6,12.34,94,84,1.74,broken clouds
257,Oranjemund,NA,2020-10-24 17:17:41,-28.55,16.43,60.76,81,4,7.83,clear sky
258,Xichang,CN,2020-10-24 17:17:42,27.9,102.26,55.83,76,86,2.84,overcast clouds
259,Sobolevo,RU,2020-10-24 17:17:42,54.43,31.9,46.71,96,100,1.86,light rain
260,Puerto Boyaca,CO,2020-10-24 17:17:42,5.98,-74.59,92.75,49,80,1.19,light rain
261,Benguela,AO,2020-10-24 17:17:42,-12.58,13.41,76.21,77,57,8.32,broken clouds
262,Owase,JP,2020-10-24 17:17:42,34.07,136.2,52.16,68,7,6.64,clear sky
263,Tuatapere,NZ,2020-10-24 17:13:20,-46.13,167.68,63.0,60,100,7.0,overcast clouds
264,Ivankiv,UA,2020-10-24 17:13:41,50.94,29.89,57.2,76,99,4.47,overcast clouds
265,Fort-Shevchenko,KZ,2020-10-24 17:17:42,44.51,50.26,61.16,90,88,14.92,overcast clouds
266,Yulara,AU,2020-10-24 17:17:42,-25.24,130.99,64.4,42,0,11.41,clear sky
267,Atuona,PF,2020-10-24 17:13:37,-9.8,-139.03,78.69,77,2,21.7,light rain
268,Skibbereen,IE,2020-10-24 17:17:43,51.55,-9.27,48.2,76,40,13.87,light rain
269,Tubuala,PA,2020-10-24 17:17:43,9.52,-79.03,82.4,78,75,10.29,broken clouds
270,Antofagasta,CL,2020-10-24 17:17:43,-23.65,-70.4,60.8,72,75,10.29,broken clouds
271,Ribeira Grande,PT,2020-10-24 17:17:43,38.52,-28.7,69.8,83,75,23.04,broken clouds
272,Kutum,SD,2020-10-24 17:17:43,14.2,24.67,80.28,17,2,16.4,clear sky
273,Sterling,US,2020-10-24 17:13:24,39.01,-77.43,75.0,77,75,4.7,broken clouds
274,Banjar,ID,2020-10-24 17:17:44,-8.19,114.97,77.95,80,72,3.78,light rain
275,Derzhavinsk,KZ,2020-10-24 17:17:44,51.1,66.32,32.92,93,100,25.55,overcast clouds
276,Excelsior Springs,US,2020-10-24 17:17:44,39.34,-94.23,41.0,69,90,9.17,overcast clouds
277,Juneau,US,2020-10-24 17:13:05,58.3,-134.42,30.99,85,75,4.79,broken clouds
278,Puerto Colombia,CO,2020-10-24 17:17:44,10.99,-74.95,82.4,83,75,10.29,shower rain
279,Acapulco,MX,2020-10-24 17:17:44,16.86,-99.89,86.0,79,40,4.34,scattered clouds
280,Robertsport,LR,2020-10-24 17:17:44,6.75,-11.37,81.84,75,89,7.78,overcast clouds
281,Ilulissat,GL,2020-10-24 17:17:44,69.22,-51.1,23.0,57,75,9.17,broken clouds
282,Yelizovo,RU,2020-10-24 17:17:44,53.19,158.38,39.2,93,90,13.42,light intensity shower rain
283,Ilebo,CD,2020-10-24 17:17:44,-4.32,20.58,76.48,86,99,2.24,light rain
284,Skjervoy,NO,2020-10-24 17:17:45,70.03,20.97,41.18,74,100,11.63,light rain
285,Okhotsk,RU,2020-10-24 17:17:45,59.38,143.3,38.77,85,100,16.13,overcast clouds
286,Pitimbu,BR,2020-10-24 17:17:45,-7.47,-34.81,87.8,58,20,13.87,few clouds
287,Eidsvag,NO,2020-10-24 17:17:45,62.78,8.07,41.0,60,93,12.75,overcast clouds
288,Port Lavaca,US,2020-10-24 17:17:45,28.61,-96.63,68.0,48,90,12.75,overcast clouds
289,Mar Del Plata,AR,2020-10-24 17:14:55,-38.0,-57.56,64.4,82,75,4.7,broken clouds
290,Bonthe,SL,2020-10-24 17:17:45,7.53,-12.51,83.32,72,93,9.01,overcast clouds
291,Sharanga,RU,2020-10-24 17:17:45,57.18,46.54,43.0,82,66,8.48,broken clouds
292,Khorramshahr,IR,2020-10-24 17:17:45,30.44,48.17,77.0,41,0,4.7,clear sky
293,Luanda,AO,2020-10-24 17:12:50,-8.84,13.23,77.0,78,75,10.29,broken clouds
294,Fairview,US,2020-10-24 17:17:46,40.81,-74.0,70.0,82,90,6.38,overcast clouds
295,Vangaindrano,MG,2020-10-24 17:17:46,-23.35,47.6,71.02,83,71,5.12,broken clouds
296,Mago,RU,2020-10-24 17:17:46,53.25,140.18,45.05,87,100,14.45,light rain
297,Iwaki,JP,2020-10-24 17:17:46,37.05,140.88,55.0,60,42,4.0,scattered clouds
298,Portland,US,2020-10-24 17:14:37,45.52,-122.68,48.99,87,75,6.93,broken clouds
299,Padang,ID,2020-10-24 17:14:37,-0.95,100.35,78.01,80,100,3.4,moderate rain
300,Okha,RU,2020-10-24 17:17:46,53.57,142.95,41.86,88,43,7.65,scattered clouds
301,Kalmunai,LK,2020-10-24 17:17:46,7.42,81.82,82.02,80,83,4.34,broken clouds
302,Kondagaon,IN,2020-10-24 17:17:46,19.6,81.67,66.99,76,64,1.88,broken clouds
303,Nishihara,JP,2020-10-24 17:17:47,26.18,127.76,69.8,46,40,3.36,scattered clouds
304,Revadanda,IN,2020-10-24 17:17:47,18.55,72.93,84.2,89,75,3.36,haze
305,Polson,US,2020-10-24 17:17:47,47.69,-114.16,23.0,62,100,8.01,overcast clouds
306,Nanchang,CN,2020-10-24 17:17:47,28.68,115.88,58.48,61,59,4.41,light rain
307,Sigli,ID,2020-10-24 17:17:47,5.38,95.96,79.72,78,100,5.68,moderate rain
308,Uruguaiana,BR,2020-10-24 17:17:47,-29.75,-57.09,80.6,65,0,5.82,clear sky
309,Asau,RO,2020-10-24 17:17:47,46.43,26.4,55.0,82,100,3.47,overcast clouds
310,Nianzishan,CN,2020-10-24 17:17:47,47.52,122.88,35.8,79,0,5.37,clear sky
311,Porto Novo,BJ,2020-10-24 17:17:48,6.5,2.6,82.4,83,20,13.87,few clouds
312,Myrtle Beach,US,2020-10-24 17:17:48,33.69,-78.89,82.0,69,1,4.16,clear sky
313,Vuktyl,RU,2020-10-24 17:17:48,63.86,57.31,24.33,97,100,12.06,light snow
314,Ratnagiri,IN,2020-10-24 17:17:48,16.98,73.3,77.86,88,42,5.03,scattered clouds
315,Tiksi,RU,2020-10-24 17:17:48,71.69,128.87,12.13,90,73,24.18,broken clouds
316,Sao Filipe,CV,2020-10-24 17:17:48,14.9,-24.5,82.63,70,5,11.88,clear sky
317,Tsumeb,NA,2020-10-24 17:17:48,-19.23,17.72,85.05,13,0,9.33,clear sky
318,Isangel,VU,2020-10-24 17:17:48,-19.55,169.27,74.14,79,21,10.98,few clouds
319,Jumla,NP,2020-10-24 17:17:48,29.27,82.18,46.08,55,0,5.01,clear sky
320,Tefe,BR,2020-10-24 17:17:48,-3.35,-64.71,87.8,74,40,6.93,scattered clouds
321,Mpika,ZM,2020-10-24 17:17:48,-11.83,31.45,72.99,26,42,6.17,scattered clouds
322,Nouadhibou,MR,2020-10-24 17:17:49,20.93,-17.03,77.0,61,65,17.22,dust
323,Fortuna,US,2020-10-24 17:17:49,40.6,-124.16,53.01,100,90,3.36,overcast clouds
324,Tome,CL,2020-10-24 17:17:49,-36.62,-72.95,53.6,93,90,10.29,light rain
325,Japura,ID,2020-10-24 17:17:49,-0.32,102.35,74.48,97,85,2.89,light rain
326,Langsa,ID,2020-10-24 17:17:49,4.47,97.97,74.82,96,100,2.48,light rain
327,Yumen,CN,2020-10-24 17:17:49,40.28,97.2,40.19,55,89,7.45,overcast clouds
328,Semnan,IR,2020-10-24 17:17:49,35.57,53.4,56.23,44,0,0.67,clear sky
329,Poya,NC,2020-10-24 17:17:50,-21.35,165.15,73.13,84,31,5.44,scattered clouds
330,Vostok,RU,2020-10-24 17:17:50,46.49,135.88,29.37,100,100,7.61,overcast clouds
331,Illapel,CL,2020-10-24 17:16:58,-31.63,-71.17,72.28,38,0,9.04,clear sky
332,Tevaitoa,PF,2020-10-24 17:17:50,-16.78,-151.5,79.36,68,51,5.32,broken clouds
333,Cordele,US,2020-10-24 17:17:50,31.96,-83.78,82.0,61,40,4.7,scattered clouds
334,Jalu,LY,2020-10-24 17:17:50,29.03,21.55,71.4,42,0,7.74,clear sky
335,Namtsy,RU,2020-10-24 17:17:50,62.72,129.67,1.4,84,0,4.47,clear sky
336,Vila Velha,BR,2020-10-24 17:17:50,-20.33,-40.29,77.0,94,90,10.29,moderate rain
337,Gomel,BY,2020-10-24 17:17:50,52.43,30.98,53.6,100,90,11.18,light intensity shower rain
338,Corrente,BR,2020-10-24 17:17:50,-3.74,-43.34,93.25,41,65,3.18,broken clouds
339,Najran,SA,2020-10-24 17:17:50,17.49,44.13,78.8,15,0,6.93,clear sky
340,Miquelon,PM,2020-10-24 17:17:51,47.1,-56.38,53.6,87,90,17.22,overcast clouds
341,Sept-Iles,CA,2020-10-24 17:15:16,50.2,-66.38,46.4,100,90,9.17,light rain
342,Salalah,OM,2020-10-24 17:17:51,17.02,54.09,80.6,51,0,4.7,clear sky
343,Amapa,BR,2020-10-24 17:17:51,1.0,-52.0,98.24,31,48,4.74,scattered clouds
344,Ngunguru,NZ,2020-10-24 17:17:51,-35.62,174.5,57.99,95,12,4.97,few clouds
345,Grindavik,IS,2020-10-24 17:17:51,63.84,-22.43,44.6,70,0,25.28,clear sky
346,Staryye Atagi,RU,2020-10-24 17:17:51,43.12,45.74,59.0,33,0,4.47,clear sky
347,Brinkovskaya,RU,2020-10-24 17:17:51,46.03,38.59,61.57,83,62,7.43,broken clouds
348,Cabedelo,BR,2020-10-24 17:17:51,-6.98,-34.83,87.8,58,20,13.87,few clouds
349,Koszalin,PL,2020-10-24 17:17:51,54.19,16.17,53.01,79,100,11.16,overcast clouds
350,Dingle,PH,2020-10-24 17:17:52,11.0,122.67,75.65,89,100,1.95,moderate rain
351,Natal,BR,2020-10-24 17:17:52,-5.79,-35.21,86.0,62,40,14.99,scattered clouds
352,Kenai,US,2020-10-24 17:13:26,60.55,-151.26,44.6,69,90,13.87,overcast clouds
353,Sheltozero,RU,2020-10-24 17:17:52,61.37,35.37,36.45,83,5,12.15,clear sky
354,Bubaque,GW,2020-10-24 17:17:52,11.28,-15.83,84.11,74,45,9.82,scattered clouds
355,Yuli,NG,2020-10-24 17:17:52,9.7,10.27,85.71,33,2,3.0,clear sky
356,Bam,IR,2020-10-24 17:17:52,29.11,58.36,61.65,30,0,10.2,clear sky
357,Fort Walton Beach,US,2020-10-24 17:17:52,30.41,-86.62,69.8,100,90,4.7,overcast clouds
358,Morgan City,US,2020-10-24 17:17:52,29.7,-91.21,75.99,94,90,8.05,overcast clouds
359,Geraldton,AU,2020-10-24 17:17:53,-28.77,114.6,59.0,82,0,5.82,clear sky
360,Erdenet,MN,2020-10-24 17:17:53,49.03,104.08,30.7,91,81,3.06,broken clouds
361,Adrar,MR,2020-10-24 17:17:53,20.5,-10.07,98.73,8,6,9.42,clear sky
362,Anadyr,RU,2020-10-24 17:17:53,64.75,177.48,15.8,92,40,4.47,scattered clouds
363,Trento,IT,2020-10-24 17:17:53,46.07,11.12,55.0,88,26,1.19,light rain
364,Kununurra,AU,2020-10-24 17:17:53,-15.77,128.73,82.4,83,48,9.17,scattered clouds
365,Lorengau,PG,2020-10-24 17:17:53,-2.02,147.27,80.89,65,0,5.28,clear sky
366,Dargaville,NZ,2020-10-24 17:17:53,-35.93,173.88,55.67,95,21,4.83,few clouds
367,Laichingen,DE,2020-10-24 17:17:53,48.49,9.69,51.01,91,2,4.14,clear sky
368,Sola,VU,2020-10-24 17:17:54,-13.88,167.55,79.74,83,77,17.45,light rain
369,Bilma,NE,2020-10-24 17:17:54,18.69,12.92,81.12,15,0,7.38,clear sky
370,San Ramon,US,2020-10-24 17:16:00,37.78,-121.98,61.0,82,40,2.17,scattered clouds
371,Bonavista,CA,2020-10-24 17:17:54,48.65,-53.11,46.99,83,100,11.99,overcast clouds
372,Tessalit,ML,2020-10-24 17:17:54,20.2,1.01,93.34,10,0,12.71,clear sky
373,Jacqueville,CI,2020-10-24 17:17:54,5.21,-4.41,82.4,78,40,10.29,scattered clouds
374,La Union,PE,2020-10-24 17:17:54,-5.4,-80.75,82.42,43,4,11.59,clear sky
375,Ouesso,CG,2020-10-24 17:17:55,1.61,16.05,72.77,97,100,2.62,light rain
376,Plouzane,FR,2020-10-24 17:17:55,48.38,-4.62,55.4,93,90,20.8,overcast clouds
377,Pahrump,US,2020-10-24 17:17:55,36.21,-115.98,71.01,30,99,1.01,overcast clouds
378,Wadi Maliz,TN,2020-10-24 17:17:55,36.47,8.55,69.8,60,40,6.93,scattered clouds
379,Banda Aceh,ID,2020-10-24 17:16:57,5.56,95.32,77.0,90,100,13.24,moderate rain
380,Pokosnoye,RU,2020-10-24 17:17:55,55.53,101.05,35.24,95,100,8.68,overcast clouds
381,Sur,OM,2020-10-24 17:17:55,22.57,59.53,75.13,59,4,5.37,clear sky
382,Kismayo,SO,2020-10-24 17:17:55,-0.36,42.55,80.29,81,77,14.7,broken clouds
383,Samaipata,BO,2020-10-24 17:17:55,-18.15,-63.87,74.01,62,56,3.04,light rain
384,Kungurtug,RU,2020-10-24 17:17:55,50.6,97.52,31.14,95,99,3.56,overcast clouds
385,College,US,2020-10-24 17:17:56,64.86,-147.8,24.01,78,75,4.7,broken clouds
386,Mana,GF,2020-10-24 17:17:56,5.66,-53.78,87.64,63,17,12.1,few clouds
387,Vanavara,RU,2020-10-24 17:17:56,60.34,102.28,24.78,98,94,4.09,overcast clouds
388,Jiazi,CN,2020-10-24 17:17:56,22.88,116.07,69.66,59,100,22.32,overcast clouds
389,Novorzhev,RU,2020-10-24 17:17:56,57.03,29.33,44.08,94,80,4.12,broken clouds
390,Polyarnyy,RU,2020-10-24 17:17:56,69.2,33.45,30.2,100,75,4.54,broken clouds
391,Altay,CN,2020-10-24 17:17:56,47.87,88.12,27.39,85,48,2.82,scattered clouds
392,Chegdomyn,RU,2020-10-24 17:17:56,51.12,133.02,33.96,86,99,10.31,light rain
393,Moose Factory,CA,2020-10-24 17:17:57,51.26,-80.61,32.0,85,90,16.11,overcast clouds
394,Soyo,AO,2020-10-24 17:17:57,-6.13,12.37,77.45,82,95,10.36,overcast clouds
395,Suntar,RU,2020-10-24 17:17:57,62.14,117.63,22.44,96,17,5.3,few clouds
396,Talaya,RU,2020-10-24 17:17:57,61.38,152.75,29.35,95,100,0.78,overcast clouds
397,Esil,KZ,2020-10-24 17:17:57,51.96,66.4,32.54,96,100,25.66,overcast clouds
398,Batagay-Alyta,RU,2020-10-24 17:17:57,67.8,130.41,8.96,85,3,7.58,clear sky
399,Ucluelet,CA,2020-10-24 17:17:52,48.93,-125.55,42.8,75,20,6.93,few clouds
400,Sychevka,RU,2020-10-24 17:17:57,55.83,34.27,46.35,92,100,4.7,light rain
401,Raudeberg,NO,2020-10-24 17:17:57,61.99,5.14,46.99,80,100,16.31,moderate rain
402,Esperance,AU,2020-10-24 17:17:58,-33.87,121.9,48.2,93,4,8.05,clear sky
403,Homer,US,2020-10-24 17:17:58,59.64,-151.55,45.0,65,75,5.82,broken clouds
404,Dwarka,IN,2020-10-24 17:17:58,22.24,68.97,83.23,54,0,4.79,clear sky
405,Lima,PE,2020-10-24 17:17:59,-12.04,-77.03,68.0,68,75,8.05,broken clouds
406,Clyde River,CA,2020-10-24 17:17:59,70.47,-68.59,19.4,73,90,3.36,overcast clouds
407,Santa Marta,CO,2020-10-24 17:16:15,11.24,-74.2,87.01,74,100,3.0,light rain
408,Dibulla,CO,2020-10-24 17:18:00,11.27,-73.31,85.01,74,96,3.67,overcast clouds
409,Sambava,MG,2020-10-24 17:18:00,-14.27,50.17,74.91,79,23,13.51,few clouds
410,Singkang,MY,2020-10-24 17:18:00,2.1,102.8,82.4,74,20,4.7,heavy intensity rain
411,Havelock,US,2020-10-24 17:16:30,34.88,-76.9,80.01,57,1,4.7,clear sky
412,Snasa,NO,2020-10-24 17:18:00,64.25,12.38,31.39,90,40,5.06,scattered clouds
413,Rio Gallegos,AR,2020-10-24 17:14:48,-51.62,-69.22,44.6,93,90,16.11,overcast clouds
414,Qaqortoq,GL,2020-10-24 17:18:01,60.72,-46.03,33.8,64,20,2.24,few clouds
415,Alofi,NU,2020-10-24 17:18:01,-19.06,-169.92,75.2,88,100,10.29,overcast clouds
416,Manokwari,ID,2020-10-24 17:15:21,-0.87,134.08,78.75,80,91,5.68,moderate rain
417,Maridi,SS,2020-10-24 17:18:02,4.92,29.47,74.25,82,71,3.33,broken clouds
418,Kahului,US,2020-10-24 17:17:44,20.89,-156.47,75.99,73,1,4.7,clear sky
419,Lethem,GY,2020-10-24 17:18:02,3.38,-59.8,95.59,40,15,8.95,few clouds
420,Bambous Virieux,MU,2020-10-24 17:18:02,-20.34,57.76,73.4,73,75,11.41,broken clouds
421,Lewistown,US,2020-10-24 17:18:02,40.6,-77.57,62.01,67,75,8.05,broken clouds
422,Chapais,CA,2020-10-24 17:18:02,49.78,-74.85,32.0,93,90,14.99,overcast clouds
423,Buraydah,SA,2020-10-24 17:18:02,26.33,43.98,77.0,23,0,9.17,clear sky
424,Yantongshan,CN,2020-10-24 17:18:02,43.29,126.01,35.01,79,0,5.01,clear sky
425,Provost,CA,2020-10-24 17:18:03,52.35,-110.27,15.58,84,4,9.01,clear sky
426,Cobija,BO,2020-10-24 17:18:03,-11.03,-68.77,96.8,50,40,9.17,scattered clouds
427,Bambanglipuro,ID,2020-10-24 17:18:03,-7.95,110.28,78.33,87,78,6.62,light rain
428,Mutsu,JP,2020-10-24 17:14:26,41.29,141.22,48.99,75,75,4.7,broken clouds
429,Dandong,CN,2020-10-24 17:18:03,40.13,124.39,40.55,65,0,2.59,clear sky
430,Ouadda,CF,2020-10-24 17:18:03,8.08,22.4,72.52,85,100,4.23,overcast clouds
431,Kholodnyy,RU,2020-10-24 17:18:03,62.72,147.95,26.64,96,98,3.96,overcast clouds
432,Kodinsk,RU,2020-10-24 17:18:03,58.69,99.18,27.63,96,100,2.48,overcast clouds
433,Nisia Floresta,BR,2020-10-24 17:18:03,-6.09,-35.21,86.0,62,40,14.99,scattered clouds
434,Sunrise Manor,US,2020-10-24 17:18:03,36.21,-115.07,68.0,25,40,2.91,scattered clouds
435,Zhetysay,KZ,2020-10-24 17:18:04,40.73,68.3,47.14,52,98,7.56,overcast clouds
436,Aykhal,RU,2020-10-24 17:18:04,66.0,111.5,17.6,92,90,4.47,light shower snow
437,Melo,UY,2020-10-24 17:18:04,-32.37,-54.18,78.78,72,91,5.5,light rain
438,Miami,US,2020-10-24 17:16:49,25.77,-80.19,84.99,70,75,18.34,broken clouds
439,Sovetskiy,RU,2020-10-24 17:18:04,61.36,63.58,25.38,94,100,11.05,overcast clouds
440,Polunochnoye,RU,2020-10-24 17:18:04,60.87,60.42,25.11,98,100,7.45,light snow
441,Oktyabrskiy,RU,2020-10-24 17:18:04,54.48,53.47,48.72,82,85,10.8,overcast clouds
442,Petropavlovka,RU,2020-10-24 17:18:04,50.61,105.32,34.75,86,100,0.89,overcast clouds
443,Bururi,BI,2020-10-24 17:18:04,-3.85,29.63,63.18,83,43,2.53,scattered clouds
444,Marawi,PH,2020-10-24 17:18:04,8.0,124.29,75.0,91,100,8.01,moderate rain
445,Sabang,ID,2020-10-24 17:18:05,5.89,95.32,77.7,90,100,23.22,moderate rain
446,Ilinskiy,RU,2020-10-24 17:18:05,55.62,38.12,50.0,76,75,4.47,light rain
447,Moree,AU,2020-10-24 17:18:05,-29.47,149.85,64.4,88,40,7.09,scattered clouds
448,Mittagong,AU,2020-10-24 17:18:05,-34.45,150.45,57.99,83,100,5.99,light rain
449,Kieta,PG,2020-10-24 17:18:05,-6.22,155.63,78.46,75,33,2.84,scattered clouds
450,Tampere,FI,2020-10-24 17:18:05,61.5,23.79,36.0,93,0,1.12,clear sky
451,Yar-Sale,RU,2020-10-24 17:18:05,66.83,70.83,16.75,96,73,5.08,broken clouds
452,Takaka,NZ,2020-10-24 17:18:05,-40.85,172.8,60.01,92,86,3.0,light rain
453,Jiwani,PK,2020-10-24 17:18:06,25.05,61.74,78.35,64,0,7.67,clear sky
454,Sungaipenuh,ID,2020-10-24 17:18:06,-2.08,101.38,66.52,94,100,0.51,heavy intensity rain
455,Sao Joao Da Barra,BR,2020-10-24 17:18:06,-21.64,-41.05,77.0,78,90,13.87,overcast clouds
456,Muncar,ID,2020-10-24 17:18:06,-8.43,114.33,77.04,88,67,0.36,broken clouds
457,Sao Felix Do Xingu,BR,2020-10-24 17:18:06,-6.64,-51.99,89.35,54,87,3.44,light rain
458,Londoko,RU,2020-10-24 17:18:06,49.03,131.98,31.62,94,65,5.41,broken clouds
459,Durango,MX,2020-10-24 17:16:27,24.83,-104.83,73.38,30,0,3.74,clear sky
460,Fuerte Olimpo,PY,2020-10-24 17:18:06,-21.04,-57.87,97.34,39,23,3.89,few clouds
461,Bachaquero,VE,2020-10-24 17:18:07,9.97,-71.15,88.07,64,85,5.01,light rain
462,Vila Franca Do Campo,PT,2020-10-24 17:18:07,37.72,-25.43,69.8,77,20,21.92,few clouds
463,Contamana,PE,2020-10-24 17:18:07,-7.33,-75.02,98.87,31,56,4.65,broken clouds
464,Pitkyaranta,RU,2020-10-24 17:18:07,61.57,31.48,39.22,78,80,11.97,broken clouds
465,Zatoka,UA,2020-10-24 17:18:07,46.07,30.47,62.6,55,0,8.21,clear sky
466,The Valley,AI,2020-10-24 17:18:07,18.22,-63.06,87.8,70,20,18.34,few clouds
467,Hwange,ZW,2020-10-24 17:18:07,-18.37,26.5,85.53,19,48,3.24,scattered clouds
468,Yuzhno-Kurilsk,RU,2020-10-24 17:18:07,44.03,145.86,50.63,61,26,26.66,scattered clouds
469,Rognan,NO,2020-10-24 17:18:07,67.1,15.39,32.0,95,31,3.11,scattered clouds
470,Bhuban,IN,2020-10-24 17:18:08,20.88,85.83,77.65,75,87,1.59,overcast clouds
471,Caravelas,BR,2020-10-24 17:18:08,-17.71,-39.25,79.32,77,82,10.6,light rain
472,Hofn,IS,2020-10-24 17:18:08,64.25,-15.21,43.5,87,100,46.37,light rain
473,Uvira,CD,2020-10-24 17:18:08,-3.41,29.15,77.22,60,37,1.28,scattered clouds
474,Nizhneangarsk,RU,2020-10-24 17:18:08,55.78,109.55,35.71,81,74,4.18,broken clouds
475,Ancud,CL,2020-10-24 17:18:08,-41.87,-73.82,64.0,51,40,16.11,scattered clouds
476,Zabaykalsk,RU,2020-10-24 17:18:08,49.63,117.32,31.46,90,57,2.01,broken clouds
477,Tezu,IN,2020-10-24 17:18:09,27.92,96.17,70.5,86,100,0.31,light rain
478,Muri,IN,2020-10-24 17:18:09,23.37,85.87,71.6,73,14,4.18,haze
479,Marsh Harbour,BS,2020-10-24 17:18:09,26.54,-77.06,80.96,74,6,11.05,clear sky
480,Yining,CN,2020-10-24 17:18:09,29.04,114.56,56.03,65,55,0.6,light rain
481,Kainantu,PG,2020-10-24 17:18:09,-6.29,145.87,58.59,93,63,2.77,broken clouds
482,Barranca,PE,2020-10-24 17:18:09,-10.75,-77.77,67.82,69,18,10.85,few clouds
483,Mwingi,KE,2020-10-24 17:18:09,-0.93,38.06,75.38,60,44,14.36,scattered clouds
484,Codrington,AU,2020-10-24 17:18:09,-38.27,141.97,46.42,62,96,18.68,overcast clouds
485,Cruz Alta,BR,2020-10-24 17:18:10,-28.64,-53.61,86.41,41,79,5.55,broken clouds
486,Katherine,AU,2020-10-24 17:18:10,-14.47,132.27,82.4,65,41,6.93,scattered clouds
487,Nandyal,IN,2020-10-24 17:18:10,15.48,78.48,76.91,74,6,3.96,clear sky
488,Kijang,KR,2020-10-24 17:18:10,35.24,129.21,50.0,43,0,10.29,clear sky
489,Fukue,JP,2020-10-24 17:18:10,32.69,128.84,62.4,61,0,14.47,clear sky
490,Olinda,BR,2020-10-24 17:18:10,-8.01,-34.86,86.0,62,40,10.29,scattered clouds
491,Te Anau,NZ,2020-10-24 17:18:10,-45.42,167.72,55.83,83,100,8.12,overcast clouds
492,Mehamn,NO,2020-10-24 17:18:11,71.04,27.85,37.08,91,100,24.58,light rain
493,Ola,RU,2020-10-24 17:18:11,59.58,151.28,38.34,78,100,8.03,overcast clouds
494,Gravelbourg,CA,2020-10-24 17:18:11,49.88,-106.55,15.87,91,100,7.76,overcast clouds
495,Ahipara,NZ,2020-10-24 17:18:11,-35.17,173.17,57.99,93,19,6.06,few clouds
496,Vestmannaeyjar,IS,2020-10-24 17:18:11,63.44,-20.27,44.6,65,90,21.92,overcast clouds
497,Pedernales,DO,2020-10-24 17:18:11,18.04,-71.74,87.8,74,40,9.17,scattered clouds
498,Coquimbo,CL,2020-10-24 17:18:11,-29.95,-71.34,53.6,93,90,6.93,overcast clouds
499,Bhiwandi,IN,2020-10-24 17:18:11,19.3,73.07,84.2,89,75,3.36,haze
500,Aklavik,CA,2020-10-24 17:18:11,68.22,-135.01,12.2,85,40,4.7,scattered clouds
501,Christiana,ZA,2020-10-24 17:18:12,-27.91,25.16,79.29,29,86,10.2,light rain
502,Ogden,US,2020-10-24 17:14:15,41.22,-111.97,50.0,30,90,3.36,overcast clouds
503,Gazojak,TM,2020-10-24 17:18:12,41.19,61.4,55.9,39,72,9.78,broken clouds
504,Kavieng,PG,2020-10-24 17:18:12,-2.57,150.8,81.84,71,3,3.24,clear sky
505,Pitea,SE,2020-10-24 17:18:12,65.32,21.48,30.2,86,0,5.82,clear sky
506,Lakes Entrance,AU,2020-10-24 17:18:12,-37.88,147.98,45.0,89,60,10.0,broken clouds
507,Jaroslaw,PL,2020-10-24 17:13:44,50.02,22.68,52.0,100,84,4.54,broken clouds
508,Havoysund,NO,2020-10-24 17:18:13,71.0,24.66,37.4,93,100,23.04,light rain
509,Chumikan,RU,2020-10-24 17:14:21,54.72,135.31,37.85,76,100,9.78,overcast clouds
510,Nipawin,CA,2020-10-24 17:18:13,53.37,-104.0,23.0,62,90,14.99,light snow
511,Fuling,CN,2020-10-24 17:18:13,29.7,107.39,61.45,56,81,3.27,broken clouds
512,Betong,TH,2020-10-24 17:18:14,5.77,101.07,72.19,92,99,0.38,moderate rain
513,Whitehorse,CA,2020-10-24 17:18:14,60.72,-135.05,12.2,85,40,17.22,scattered clouds
514,Chiang Khong,TH,2020-10-24 17:18:14,20.26,100.4,68.0,94,0,2.24,clear sky
515,Umm Kaddadah,SD,2020-10-24 17:18:14,13.6,26.69,91.4,13,1,8.66,clear sky
516,Constitucion,CL,2020-10-24 17:13:19,-35.33,-72.42,61.16,68,12,12.08,few clouds
517,Thunder Bay,CA,2020-10-24 17:18:14,48.4,-89.32,35.01,69,75,11.41,broken clouds
518,Bereda,ES,2020-10-24 17:18:14,43.27,-7.54,60.01,84,100,24.0,light rain
519,San Andres,CO,2020-10-24 17:18:14,12.58,-81.7,87.8,74,40,6.93,scattered clouds
520,Comal,US,2020-10-24 17:18:14,29.82,-98.3,59.0,70,75,8.95,broken clouds
521,Windsor,CA,2020-10-24 17:13:28,42.3,-83.02,48.0,56,90,8.05,overcast clouds
522,Sidrolandia,BR,2020-10-24 17:18:15,-20.93,-54.96,87.8,48,75,12.75,broken clouds
523,Nanortalik,GL,2020-10-24 17:16:04,60.14,-45.24,33.53,87,2,11.77,clear sky
524,Murdochville,CA,2020-10-24 17:18:15,48.96,-65.5,50.09,94,100,14.18,moderate rain
525,Saint-Francois,FR,2020-10-24 17:18:15,46.42,3.91,55.4,76,0,1.12,clear sky
526,Lahaina,US,2020-10-24 17:15:05,20.88,-156.68,75.0,73,1,4.7,clear sky
527,Ewa Beach,US,2020-10-24 17:18:15,21.32,-158.01,77.0,94,75,3.36,broken clouds
528,Nikki,BJ,2020-10-24 17:18:15,9.94,3.21,82.9,42,82,2.53,broken clouds
529,Palu,ID,2020-10-24 17:14:51,-0.89,119.87,75.96,79,96,3.18,moderate rain
530,Mount Gambier,AU,2020-10-24 17:18:15,-37.83,140.77,44.6,81,75,12.75,broken clouds
531,Santiago Del Estero,AR,2020-10-24 17:15:45,-27.8,-64.26,90.81,45,65,4.85,broken clouds
532,Creston,US,2020-10-24 17:18:16,41.06,-94.36,32.0,74,90,5.82,overcast clouds
533,Aban,RU,2020-10-24 17:18:16,56.67,96.06,30.88,94,99,6.35,overcast clouds
534,Zajecar,RS,2020-10-24 17:15:49,43.9,22.26,60.01,72,100,1.01,overcast clouds
535,Leningradskiy,RU,2020-10-24 17:13:32,69.38,178.42,21.27,94,78,5.03,broken clouds
536,Ayan,RU,2020-10-24 17:18:16,56.45,138.17,39.22,92,100,19.48,light rain
537,Prince Rupert,CA,2020-10-24 17:18:16,54.32,-130.32,32.0,73,1,5.82,clear sky
538,Tazovskiy,RU,2020-10-24 17:18:16,67.47,78.7,16.48,97,97,8.14,overcast clouds
539,Kupang,ID,2020-10-24 17:18:16,-10.17,123.58,79.38,81,42,5.75,scattered clouds
540,Sao Miguel Do Guama,BR,2020-10-24 17:18:17,-1.63,-47.48,99.14,32,10,8.59,clear sky
541,Hovd,MN,2020-10-24 17:18:17,48.01,91.64,32.86,72,2,8.88,clear sky
542,Tucuma,BR,2020-10-24 17:18:17,-0.18,-50.05,91.8,48,2,10.13,clear sky
543,Krasnoarmeysk,RU,2020-10-24 17:18:17,51.02,45.7,55.99,65,100,4.85,overcast clouds
544,Twentynine Palms,US,2020-10-24 17:16:57,34.14,-116.05,73.99,29,75,1.28,haze
545,Samarai,PG,2020-10-24 17:18:17,-10.62,150.67,79.36,81,99,4.68,overcast clouds
546,Mizdah,LY,2020-10-24 17:18:17,31.45,12.98,72.99,22,0,7.11,clear sky
547,Petukhovo,RU,2020-10-24 17:18:17,55.07,67.9,31.21,98,100,20.02,overcast clouds
548,Kirakira,SB,2020-10-24 17:18:17,-10.45,161.92,78.82,83,49,6.67,scattered clouds
549,Srednekolymsk,RU,2020-10-24 17:18:18,67.45,153.68,16.81,93,0,4.36,clear sky
550,Werda,BW,2020-10-24 17:18:18,-25.27,23.28,90.41,15,17,4.9,few clouds
551,Sumenep,ID,2020-10-24 17:18:18,-7.02,113.87,82.71,74,99,5.39,light rain
552,Phalodi,IN,2020-10-24 17:18:18,27.13,72.37,82.22,21,0,8.19,clear sky
553,Monteagudo,BO,2020-10-24 17:18:19,-19.82,-63.98,95.0,36,40,4.05,scattered clouds
554,Fountain Hills,US,2020-10-24 17:13:37,33.61,-111.72,79.0,29,1,4.7,clear sky
555,Nambucca Heads,AU,2020-10-24 17:18:19,-30.65,153.0,69.8,83,90,9.17,light rain
556,Pirpirituba,BR,2020-10-24 17:18:20,-6.78,-35.5,90.9,43,64,16.35,broken clouds
557,Rawson,AR,2020-10-24 17:18:20,-43.3,-65.1,73.2,27,100,5.95,overcast clouds
558,Cabo San Lucas,MX,2020-10-24 17:18:20,22.89,-109.91,86.0,58,5,4.7,clear sky
559,Mosquera,CO,2020-10-24 17:14:12,4.71,-74.23,62.6,67,75,9.17,broken clouds
560,Shaoguan,CN,2020-10-24 17:18:20,24.8,113.58,60.31,65,6,2.64,clear sky
561,Kota Kinabalu,MY,2020-10-24 17:18:20,5.97,116.07,77.0,94,20,1.12,few clouds
562,Luwingu,ZM,2020-10-24 17:18:21,-10.26,29.93,78.35,22,55,0.96,broken clouds
563,Bara,NG,2020-10-24 17:18:21,10.37,10.73,93.2,26,27,12.75,scattered clouds
564,Mount Isa,AU,2020-10-24 17:18:22,-20.73,139.5,75.2,44,0,8.05,clear sky
565,Pustoshka,RU,2020-10-24 17:18:22,56.34,29.37,44.67,95,99,5.06,overcast clouds
566,Odessa,UA,2020-10-24 17:18:22,46.48,30.73,62.6,55,0,6.78,clear sky
567,Pierre,US,2020-10-24 17:18:19,44.37,-100.35,23.0,85,90,16.11,mist
568,Bull Savanna,JM,2020-10-24 17:18:22,17.89,-77.59,78.37,82,98,12.71,overcast clouds
569,Isetskoye,RU,2020-10-24 17:18:22,56.49,65.32,33.84,96,100,14.47,light rain
570,Boshnyakovo,RU,2020-10-24 17:18:22,49.63,142.17,38.07,82,96,3.8,moderate rain
571,Anito,PH,2020-10-24 17:18:22,12.45,125.29,78.89,88,95,7.76,moderate rain
572,Binzhou,CN,2020-10-24 17:18:22,37.37,118.02,52.0,53,97,5.32,overcast clouds
573,Olafsvik,IS,2020-10-24 17:18:23,64.89,-23.71,43.03,76,84,40.91,broken clouds
574,Aljezur,PT,2020-10-24 17:18:23,37.32,-8.8,63.3,65,0,6.71,clear sky
575,Peniche,PT,2020-10-24 17:18:23,39.36,-9.38,63.0,88,98,13.0,overcast clouds
576,Maarianhamina,AX,2020-10-24 17:18:23,60.1,19.93,41.0,100,90,6.93,overcast clouds
577,Kolyshley,RU,2020-10-24 17:18:23,52.7,44.54,52.0,58,100,4.52,overcast clouds
578,Flinders,AU,2020-10-24 17:18:23,-34.58,150.86,57.99,83,100,5.99,moderate rain
579,Atar,MR,2020-10-24 17:18:23,20.52,-13.05,98.49,12,80,11.01,broken clouds
580,Beloha,MG,2020-10-24 17:18:23,-25.17,45.05,71.49,78,84,6.89,broken clouds
581,Aksu,CN,2020-10-24 17:18:23,41.12,80.26,49.95,39,100,4.21,overcast clouds
582,Arica,CL,2020-10-24 17:15:49,-18.48,-70.3,68.0,68,75,12.75,broken clouds
583,Necochea,AR,2020-10-24 17:18:24,-38.55,-58.74,68.13,70,88,7.92,overcast clouds
584,Puerto Quijarro,BO,2020-10-24 17:18:24,-17.78,-57.77,100.26,32,28,4.16,very heavy rain
585,Thinadhoo,MV,2020-10-24 17:18:24,0.53,72.93,83.32,77,38,10.27,scattered clouds
586,Kiunga,PG,2020-10-24 17:18:24,-6.12,141.29,71.15,98,25,1.57,scattered clouds
587,Myingyan,MM,2020-10-24 17:18:24,21.47,95.38,77.81,85,98,5.21,overcast clouds
588,Santa Cruz,BO,2020-10-24 17:18:00,-17.8,-63.17,95.0,44,20,23.04,few clouds
589,Chihuahua,MX,2020-10-24 17:14:47,28.5,-106.0,69.8,32,5,5.5,clear sky
590,Byron Bay,AU,2020-10-24 17:18:24,-28.65,153.62,68.0,88,75,4.7,broken clouds
591,Nchelenge,ZM,2020-10-24 17:18:25,-9.35,28.73,80.01,62,53,5.86,broken clouds
592,Kudahuvadhoo,MV,2020-10-24 17:18:25,2.67,72.89,82.87,78,49,10.31,scattered clouds
593,Maneadero,MX,2020-10-24 17:18:25,31.72,-116.57,69.01,74,100,1.01,overcast clouds
594,Simao,CN,2020-10-24 17:18:25,22.79,100.97,60.31,77,53,2.01,broken clouds
595,Hurricane,US,2020-10-24 17:13:35,37.18,-113.29,64.4,41,1,3.18,clear sky
596,Bako,ET,2020-10-24 17:18:25,5.78,36.57,64.89,84,62,4.03,light rain
597,Gwadar,PK,2020-10-24 17:18:25,25.12,62.33,79.11,31,0,10.47,clear sky
598,Hervey Bay,AU,2020-10-24 17:18:25,-25.3,152.85,75.0,83,90,11.41,overcast clouds
599,Koutiala,ML,2020-10-24 17:18:25,12.39,-5.46,93.61,19,13,6.29,few clouds
600,Turmalina,BR,2020-10-24 17:18:26,-17.29,-42.73,73.47,78,100,4.09,heavy intensity rain
601,Kulhudhuffushi,MV,2020-10-24 17:18:26,6.62,73.07,82.31,74,100,7.61,light rain
602,Soanierana Ivongo,MG,2020-10-24 17:18:26,-16.92,49.58,72.46,87,15,5.75,light rain
603,Tarko-Sale,RU,2020-10-24 17:18:26,64.92,77.78,13.32,95,78,9.37,broken clouds
604,Fort Beaufort,ZA,2020-10-24 17:18:26,-32.77,26.63,70.21,72,0,7.54,clear sky
605,Gilgit,PK,2020-10-24 17:18:26,35.92,74.31,60.33,30,78,3.78,broken clouds
606,Honggang,CN,2020-10-24 17:18:26,46.47,124.87,37.71,76,0,10.16,clear sky
607,Santa Cruz Del Sur,CU,2020-10-24 17:18:26,20.71,-78.0,80.15,82,100,13.91,moderate rain
608,Lichtenburg,ZA,2020-10-24 17:18:26,-26.15,26.16,80.73,20,58,6.15,broken clouds
609,Cairns,AU,2020-10-24 17:18:27,-16.92,145.77,75.2,78,84,3.36,broken clouds
610,Vao,NC,2020-10-24 17:18:27,-22.67,167.48,73.26,82,2,18.03,clear sky
611,Wembley,AU,2020-10-24 17:18:27,-31.93,115.8,69.01,34,0,21.92,clear sky
612,Simi,SL,2020-10-24 17:18:27,9.57,-12.35,87.51,70,87,1.34,overcast clouds
613,Raymond,US,2020-10-24 17:18:27,43.9,-70.47,62.01,89,70,5.5,broken clouds
614,Pak Phanang,TH,2020-10-24 17:18:27,8.35,100.2,79.81,80,100,6.53,overcast clouds
615,Tokur,RU,2020-10-24 17:18:28,53.13,132.9,26.28,97,97,8.95,overcast clouds
616,Vila,PT,2020-10-24 17:18:28,42.03,-8.16,55.99,92,100,17.0,light rain
617,Hambantota,LK,2020-10-24 17:18:28,6.12,81.12,80.56,74,100,16.11,overcast clouds
618,Bobo Dioulasso,BF,2020-10-24 17:18:28,11.18,-4.3,91.4,59,0,6.93,clear sky
619,Aketi,CD,2020-10-24 17:14:32,2.74,23.78,75.69,90,100,0.22,overcast clouds
620,Perrysburg,US,2020-10-24 17:18:28,41.56,-83.63,45.0,58,90,6.93,overcast clouds
621,Vidor,US,2020-10-24 17:15:25,30.13,-94.02,62.6,77,90,9.17,overcast clouds
622,Yaan,NG,2020-10-24 17:18:28,7.38,8.57,81.7,74,93,2.37,overcast clouds
623,Marfino,RU,2020-10-24 17:18:28,55.7,37.38,50.0,76,75,6.71,broken clouds
624,Katikati,NZ,2020-10-24 17:18:28,-37.55,175.92,61.0,97,11,2.59,few clouds
625,Ginda,IN,2020-10-24 17:18:29,30.69,78.49,53.06,44,0,5.61,clear sky
626,Ponta Delgada,PT,2020-10-24 17:18:29,37.73,-25.67,69.8,77,20,21.92,few clouds
627,Kenora,CA,2020-10-24 17:13:54,49.82,-94.43,24.8,73,90,6.93,overcast clouds
628,Tonantins,BR,2020-10-24 17:18:29,-2.87,-67.8,94.37,44,87,1.72,overcast clouds
629,Anchorage,US,2020-10-24 17:16:52,61.22,-149.9,34.0,50,90,1.21,heavy snow
630,Vavuniya,LK,2020-10-24 17:18:29,8.75,80.5,76.48,83,76,4.18,broken clouds
631,Cabinda,AO,2020-10-24 17:18:29,-5.55,12.2,77.23,82,100,9.8,overcast clouds
632,Prince Albert,CA,2020-10-24 17:18:29,53.2,-105.77,23.0,73,75,11.41,broken clouds
633,Berlevag,NO,2020-10-24 17:18:29,70.86,29.09,37.81,91,100,27.6,light rain
634,San Carlos De Bariloche,AR,2020-10-24 17:18:29,-41.15,-71.31,51.8,66,75,20.8,moderate rain
635,Xiangxiang,CN,2020-10-24 17:18:29,27.73,112.53,60.62,71,97,3.02,overcast clouds
636,Puerto Suarez,BO,2020-10-24 17:18:30,-18.95,-57.8,75.2,88,75,11.41,light rain
637,Alghero,IT,2020-10-24 17:18:30,40.56,8.32,60.8,82,0,4.7,clear sky
638,Dhemaji,IN,2020-10-24 17:18:30,27.48,94.58,70.43,93,97,2.15,overcast clouds
639,Asha,RU,2020-10-24 17:18:30,55.0,57.27,43.61,95,99,7.25,overcast clouds
640,Akyab,MM,2020-10-24 17:18:30,20.15,92.9,78.28,86,97,6.11,overcast clouds
641,Mandurah,AU,2020-10-24 17:18:30,-32.55,115.7,64.99,54,40,17.0,scattered clouds
642,Harper,LR,2020-10-24 17:18:30,4.38,-7.72,81.1,77,75,5.93,broken clouds
643,Conde,BR,2020-10-24 17:18:30,-7.26,-34.91,87.8,58,20,13.87,few clouds
644,Oranjestad,AW,2020-10-24 17:14:42,12.52,-70.03,86.0,74,20,20.8,few clouds
645,Bafra,TR,2020-10-24 17:18:31,41.57,35.91,64.4,82,20,2.24,few clouds
646,Touros,BR,2020-10-24 17:18:31,-5.2,-35.46,86.0,62,40,14.99,scattered clouds
647,Usinsk,RU,2020-10-24 17:18:31,65.99,57.53,20.91,92,100,8.68,overcast clouds
648,Saint-Vallier,FR,2020-10-24 17:18:31,46.64,4.37,55.4,76,0,1.12,clear sky
649,Puerto Escondido,MX,2020-10-24 17:18:31,15.85,-97.07,86.0,74,20,3.36,few clouds
650,Somanda,TZ,2020-10-24 17:18:31,-3.37,33.95,86.09,28,75,6.17,broken clouds
651,Balkanabat,TM,2020-10-24 17:18:31,39.51,54.37,63.0,30,0,8.43,clear sky
652,Iskateley,RU,2020-10-24 17:18:32,67.68,53.15,20.68,90,97,13.71,overcast clouds
653,Mananjary,MG,2020-10-24 17:18:32,-21.22,48.33,71.19,80,1,5.86,clear sky
654,Correia Pinto,BR,2020-10-24 17:18:32,-27.58,-50.36,76.42,58,75,4.0,light rain
655,Ormara,PK,2020-10-24 17:18:32,25.21,64.64,80.46,33,0,9.37,clear sky
656,Kars,TR,2020-10-24 17:18:32,40.6,43.09,51.8,50,0,6.93,clear sky
657,Alta Floresta,BR,2020-10-24 17:18:32,-9.88,-56.09,85.68,57,90,5.23,overcast clouds
658,Watertown,US,2020-10-24 17:18:07,42.37,-71.18,69.01,68,75,9.17,broken clouds
659,Laureles,US,2020-10-24 17:18:32,26.11,-97.49,69.01,82,90,14.99,overcast clouds
660,Bilibino,RU,2020-10-24 17:18:32,68.05,166.44,16.21,86,0,2.35,clear sky
661,Linqiong,CN,2020-10-24 17:18:33,30.42,103.46,64.4,77,20,2.59,few clouds
662,Tunggol,PH,2020-10-24 17:18:33,5.84,121.15,77.52,83,100,3.33,overcast clouds
663,Valdez,EC,2020-10-24 17:18:33,1.25,-78.98,79.05,79,81,10.6,broken clouds
664,Laguna,US,2020-10-24 17:18:33,38.42,-121.42,63.0,77,20,10.29,few clouds
665,Micheweni,TZ,2020-10-24 17:18:33,-4.97,39.83,79.79,81,31,11.72,scattered clouds
666,Evensk,RU,2020-10-24 17:18:33,61.95,159.23,31.48,95,90,5.79,overcast clouds
667,Manggar,ID,2020-10-24 17:18:33,-2.88,108.27,79.92,80,83,3.0,broken clouds
668,Guamuchil,MX,2020-10-24 17:18:34,25.47,-108.1,87.01,66,7,3.0,clear sky
669,Port Lincoln,AU,2020-10-24 17:18:34,-34.73,135.87,52.79,65,91,12.64,overcast clouds
670,Mae Sai,TH,2020-10-24 17:18:34,20.43,99.88,68.0,94,0,2.24,clear sky
671,Arman,RU,2020-10-24 17:18:34,59.7,150.17,39.0,80,100,4.88,overcast clouds
672,Dalbandin,PK,2020-10-24 17:18:34,28.89,64.41,56.59,34,0,4.76,clear sky
673,Coahuayana,MX,2020-10-24 17:18:34,18.73,-103.68,82.4,74,5,2.46,clear sky
674,Gohand,IN,2020-10-24 17:18:35,25.7,79.55,80.1,26,0,5.08,clear sky
675,Mmabatho,ZA,2020-10-24 17:18:35,-25.85,25.63,85.46,19,61,4.52,broken clouds
676,Zaraza,VE,2020-10-24 17:18:35,9.35,-65.32,84.51,81,71,3.44,moderate rain
677,Broken Hill,AU,2020-10-24 17:18:22,-31.95,141.43,48.2,70,23,12.75,few clouds
678,Niquero,CU,2020-10-24 17:18:35,20.04,-77.58,80.62,79,100,14.43,light rain
679,Road Town,VG,2020-10-24 17:17:54,18.42,-64.62,87.8,70,40,10.29,scattered clouds
680,Ramnicelu,RO,2020-10-24 17:18:35,45.28,27.53,60.8,55,75,6.93,broken clouds
681,Wajir,KE,2020-10-24 17:18:35,1.75,40.06,85.84,53,74,24.34,light rain
682,Waingapu,ID,2020-10-24 17:18:35,-9.66,120.26,80.65,77,15,2.66,few clouds
683,Babynino,RU,2020-10-24 17:18:35,54.39,35.73,48.2,93,75,4.47,light intensity shower rain
684,Tugulym,RU,2020-10-24 17:18:36,57.06,64.64,30.2,100,90,11.18,snow
685,Jimeta,NG,2020-10-24 17:18:36,9.28,12.47,87.87,35,90,2.06,overcast clouds
686,Maryborough,AU,2020-10-24 17:18:36,-25.53,152.7,68.52,94,61,5.48,broken clouds
687,Sorata,BO,2020-10-24 17:18:36,-15.77,-68.63,60.48,51,30,8.28,moderate rain
688,Moyamba,SL,2020-10-24 17:18:36,8.17,-12.43,83.71,81,88,3.15,light rain
689,Siraha,NP,2020-10-24 17:18:36,26.65,86.21,75.33,73,0,3.56,clear sky
